<?xml version="1.0" encoding="UTF-8"?>
<configuration scan="true" scanPeriod="30 seconds" >
    <contextName>TaskTimeTracker</contextName>
    <appender name="STDOUT" class="ch.qos.logback.core.ConsoleAppender">
    <!-- encoders are assigned the type
         ch.qos.logback.classic.encoder.PatternLayoutEncoder by default -->
        <encoder>
            <pattern>%d{HH:mm:ss.SSS} [%thread] %-5level %logger{5} - %msg%n</pattern>
        </encoder>
    </appender>

    <logger name="com.gieman.tttracker" level="DEBUG" additivity="false">
        <appender-ref ref="STDOUT" />
    </logger>
    <logger name="com.gieman.tttracker.dao" level="DEBUG" additivity="false">
        <appender-ref ref="STDOUT" />
    </logger>
    <logger name="com.gieman.tttracker.domain" level="DEBUG" additivity="false">
        <appender-ref ref="STDOUT" />
    </logger>
    <logger name="com.gieman.tttracker.service" level="DEBUG" additivity="false">
        <appender-ref ref="STDOUT" />
    </logger>
    <logger name="com.gieman.tttracker.web" level="DEBUG" additivity="false">
        <appender-ref ref="STDOUT" />
    </logger>
    
  <!-- the level of the root level is set to DEBUG by default -->
    <root level="INFO">          
        <appender-ref ref="STDOUT" />
    </root>
</configuration>